0,1,2,3,4,5,6,7,8,9,10,11
-0.3000549238789271,-0.7286257126573518,-0.15262917569896564,0.13374725037026516,0.22122030418420935,-0.8760677313403805,0.8159919093380605,0.8043899614872746,0.45652244703774,-0.49402355436979006,-0.0794526459128167,0.24244982309441013
-0.8401587281595798,-1.4343183938110546,-0.0270953238094167,0.02444251290632698,-0.45830198092966823,-1.043846052601401,0.8619190399073542,-0.6532057621266623,-0.8653482362587368,-0.24485554091447728,0.1330272941618308,-0.14064945350208963
-0.1885143107245326,-0.4232818163602557,-0.12023732260021353,0.015499093860142732,0.38229602593151957,-0.20675187568247724,0.18143307839986966,0.48233801326656706,0.46226340330072263,-0.31087434770823064,0.3098884938980217,0.20562517812470227
0.07856240049034167,-0.2661040953050696,-0.6018842611839229,-0.11745000609639161,0.32308086377299305,-0.02391298457888051,-0.009192507232795319,0.5291026148065935,0.18401924056599958,-0.5700609850400662,-0.03133848708100385,0.17829424286460363
-0.6439701265469309,-1.3333824626363338,-0.13054101991833417,0.09858861690612196,-0.16315448188282258,-1.114695823285528,0.9732039678728269,0.06780611427970133,-0.254759728031295,-0.32960941201229926,-0.11990531317820968,0.029525823568079625
-0.15589116015488544,-0.6885509860684658,-0.08354079599723743,0.005806064829821396,0.856392920394948,0.32334425172955583,-0.3093953603419262,0.6000224452691812,1.0645596399127608,0.1862558840262121,0.414463168563509,0.25609514570936337
-0.7004348555366846,-1.7131382238419128,-0.041846080496590526,0.12699047497879107,0.2132619579272959,-0.8069284361808395,0.6881765915079029,0.16981943183691695,0.2689978193974283,0.1373791907883302,-0.06426553305673227,0.06776352149339213
-0.7094700786005311,-1.4238430841647158,-0.052254794669999244,0.07849568696735469,-0.12454200532899173,-0.9468519645360632,0.8050981813609084,-0.138252345938405,-0.2701775728897636,-0.15593262187585816,0.026267854186268823,-0.008740897337247514
-0.7616298527268085,-1.1127263464311903,0.199954928460103,-0.004683548445055401,-0.14201642105278287,-0.46008428189714773,0.3368975517263026,-0.7052829709275278,-0.4723671611244172,0.018429002373793114,0.6109531156266615,-0.0917391947447776
-0.21301430338748753,-0.7939724325675552,-0.5077534931430507,-0.014027032340787332,0.055367389767274656,-0.6640923808792933,0.5720465830433425,0.444344048100809,-0.05713431918856313,-0.5727237626197845,-0.2628208022190072,0.12096206275301108
-0.4764128779844432,-0.9077557906974592,0.0319305765329935,0.20309279322249194,0.12244686043285423,-1.1447379527721506,1.0668508834091928,0.7296144016755153,0.4151412430796888,-0.44246881858197123,-0.028101484907183776,0.22562186982055701
-0.44580467884260994,-1.5443269401131423,-0.612577066066842,-0.13197181850583112,0.03016088245839818,-0.28988533154133217,0.14540053013599527,-0.3205725224354551,-0.44620629801950124,-0.04448120911818994,-0.25441005982019843,-0.08857990073111632
-0.49038569194035514,-1.3046475123174746,-0.1489211317282033,0.08227196662668736,0.28513169351589485,-0.6119882590800484,0.5234870930832434,0.34435126473752126,0.34819117688177753,-0.04060725078012374,-0.03451879203052861,0.1217255393244152
-0.06829716037153569,-0.6933040213859362,-0.6001497618387764,-0.14087902746306652,0.3399615822269364,0.08074717949101044,-0.13813849151516808,0.23458030233253968,0.09335551141857393,-0.2816814339762984,-0.03813026464011283,0.0961211358480182
-0.5161362698196369,-1.5689093901826041,-0.5293381920782418,-0.06634623750932868,-0.07067120861200162,-0.6060605112673919,0.45121235009685745,-0.21222153744234198,-0.4601956645594558,-0.15196203116983076,-0.3105044133124812,-0.06781478354321843
-0.7076618049430402,-1.1630918687211804,0.14746505862794695,0.03065976459576756,-0.02603146974070312,-0.5225220527931445,0.40977179296880994,-0.4204756446314573,-0.23004440409853272,0.013193347215825808,0.467045836946669,-0.030164577793165344
-0.45299233300982006,-1.5023924129733222,-0.3981123017794567,-0.08979414216436907,0.3080061965587116,-0.04876487570290687,-0.056787259949830984,-0.19061357364940126,0.010969588295331258,0.2037152374635344,-0.007436435757041778,-0.019826726824116132
-0.5776380070338141,-0.4757079273543882,0.4986910147948061,0.21840760864504646,0.11934291418593772,-0.9075455071784225,0.8627188479911758,0.3995444501547861,0.434548388137767,-0.3373500389696464,0.6455130149715513,0.2176970516555438
-0.6946328148423849,-1.7574203960988641,-0.17477146010109776,-0.01728084013768747,0.14687588082274053,-0.36969353375781455,0.23519880557083145,-0.3795172383531841,-0.12850107489139787,0.28131918571028247,0.06876972501964052,-0.06596447500848976
-0.15537013513756906,-1.1378435102612825,-0.7757964096267885,-0.24480230225718674,0.31474739860317785,0.35948520179037946,-0.4516471312976442,-0.23441552944326166,-0.20894633244228158,-0.002257395732882266,-0.11249032839672207,-0.041707634110338385
-0.10908089054902532,-2.0402462032466007,-1.3084422029027525,-0.18335799315189985,0.4955446744859786,-0.06445136867730065,-0.06770357143333093,0.4332984317121768,0.13298217012925145,0.06816099879074781,-1.0993830865546905,0.020961541904744897
-0.34167650064560523,-1.0085088317517548,-0.5558058318488531,0.18118263128287446,-0.34338013385364446,-1.8921843932528464,1.7448876474566062,1.0104577413091136,-0.21233896180459672,-1.114002705256305,-0.8737889802922715,0.19409045841233222
-0.11529944620429683,-0.6613163844211802,-0.4685855089627466,-0.17683151675818967,0.40670969369164245,0.3773544892546749,-0.4239441731887496,-0.0349521492412069,0.09216135526980221,-0.08472337393233333,0.2412180915140095,0.057465220347197386
-0.666458994710765,-1.6499216861592534,-0.0975217703541246,0.26443320239482493,0.061454132118324324,-1.552330296802282,1.422180846803976,0.7859175880842881,0.37623663502424914,-0.29462080603823315,-0.47175557702344023,0.18384215060256284
-0.3318040932905455,-1.4047336869922098,-0.611851002697759,-0.03216538328242736,0.1793030589225301,-0.5445983868420617,0.4281404196733166,0.29896746790397705,0.004515647843504156,-0.20932838615248298,-0.4394997895350243,0.05992021384312684
-0.6737284707084681,-1.0435834840545408,0.1948780908669267,0.07024330369754837,0.007471327053801721,-0.6181427142594881,0.5181110321664758,-0.22327910534074322,-0.08544463918808277,-0.06619896900582452,0.46450535683446936,0.02385835159824643
-0.625546653596628,-1.318443634139942,-0.11079876624172069,0.005731996116700018,-0.02131337161197664,-0.5819862306159163,0.4559445195380384,-0.2713452617285756,-0.2606093327244941,-0.05801555158826085,0.1456788869436828,-0.028288459692344732
-0.4983649778300736,-1.1169043852363916,-0.3858451581664469,-0.12707531067065772,-0.22375508857291018,-0.4116252088470993,0.26700316428161613,-0.5680163274035898,-0.7663348100022159,-0.2697989299392615,0.07358592190927171,-0.11887057264143744
-0.36876649721815513,-0.6695539872443964,-0.0747658570992403,0.05514284617001006,0.12163492239759986,-0.6047867250471723,0.5360677010905718,0.30693302450257953,0.13916421659184985,-0.38237513620595026,0.2031324024542652,0.14013747131842053
-0.37126824189028335,-0.9268865185085955,-0.17343787233545468,0.01306713706528522,0.2563503552141694,-0.366302155611972,0.29521768081411953,0.2177995217493148,0.21404864260737327,-0.15562548691725972,0.14532540261863977,0.1102607183419849
-0.22955540142867742,-0.9214049414023274,-0.29947549240001353,0.006081112542354415,0.496164375571841,-0.17783702709427288,0.13279029975526535,0.5178018580433937,0.5572261315589507,-0.09119075224265001,0.025412336767678467,0.18114848207582326
-0.6845916963997838,-1.5441676725702715,0.1049577683514282,0.08179988781972138,0.3652999688662405,-0.3751816094542507,0.28537011357197795,-0.03783100071752434,0.38528783627840557,0.3440130725817808,0.29156884482521384,0.05690547009082494
-0.16708397012606996,-0.8122805065187806,-0.3132016732653157,-0.14367386414117173,0.6567649445235335,0.5863661170172899,-0.6099584772100612,0.02094466614784001,0.47131412894826713,0.22041100839654207,0.39365849771015565,0.09370502061847225
-0.6181093128471865,-1.3166835618299264,0.16076692607167958,0.13660295142587384,0.3887720996370504,-0.5353411782202746,0.46407025725861484,0.26052023794844376,0.5638061605378104,0.17775008638508452,0.28056368303032353,0.13760255054859216
-0.7671993253305743,-2.273602591510855,-0.21084280306951073,0.012921351844183545,0.4025415810218793,-0.27106308294680104,0.13526725439617907,-0.2573495790356792,0.22864082172268463,0.642294369742813,-0.0910902250029117,-0.05025530712335034
-0.35460173896721825,-0.9605238415042802,-0.34223459369442616,-0.16694075296351799,0.17497597233031129,0.1792792142781542,-0.2685808416181436,-0.45279702360069435,-0.2762365408752553,0.010801163386017372,0.3108124566746744,-0.05251762452927526
-0.4234951763036315,-1.2605229217596172,-0.4551458903963061,-0.15838871559311912,0.08082002273087413,-0.026742062473583947,-0.0930305632136465,-0.47454855577500726,-0.416259123166729,0.007841355770553433,0.07490534170781032,-0.08916865269004887
0.16931665120758194,0.19289541171383048,-0.5016782023923136,-0.07191481907351786,0.25154302737910983,-0.2083717829062137,0.19719395852411425,0.7696333413740806,0.23507780872614908,-0.8710931951106436,0.06135046277456691,0.25519703900798385
-0.5714271719574133,-1.663478966996831,-0.23493018108982913,-0.049398996322095316,0.3604773363025611,-0.06164920369431555,-0.04411191803584702,-0.25483087847555536,0.12488971973313517,0.3797606259136076,0.10723850304578265,-0.02374778317991972
-0.2503424514612365,-1.1138342624853468,-0.6258077558916593,-0.10269522831100941,0.14408886663346013,-0.29506325081936574,0.19017616744788923,0.10811855536530081,-0.15598062394451637,-0.27035324889296664,-0.25642752072812963,0.030928781836327447
-0.3899307002510568,-0.8609074429690252,-0.29658617733943937,-0.051591560124941996,-0.050513588538632415,-0.48503522638492297,0.3790064768389636,-0.10098942876732489,-0.33216403931781474,-0.3669352154334218,0.08821613440694698,0.012931291145743698
-0.5416688024984463,-0.6470636665707972,0.07245907720118652,0.07957754529754262,-0.22599082261388462,-0.9580063786690923,0.8531756267794052,-0.0036920821270798885,-0.31670985190154843,-0.5471278143886147,0.29975456610901524,0.061992396003847774
-0.32443207675382024,-0.7612618079648398,-0.25431611114718833,-0.10922825436378211,0.16586663472149474,-0.0056054810396009985,-0.07007497796332066,-0.21826685003780563,-0.14638799687184462,-0.14099721031279064,0.3279760507524888,0.01357196778124555
-0.5836194599874158,-1.1655158373522823,-0.08678241017553262,0.03471686756782767,-0.03291985584421653,-0.6934483576249539,0.5763108028190049,-0.1081795126340656,-0.194416112053859,-0.1835558181222207,0.13363447578685578,0.014884384797634062
-0.019097418152816705,-0.35018881825555326,-0.37443799083547796,-0.06154145724934823,0.4597122604017969,0.02596048511886331,-0.04355756965044436,0.5473486092317885,0.45197523213602236,-0.35948452114555046,0.1607760408676519,0.20746636878719893
-0.8451267238959543,-1.4680315923356315,0.1728538908615141,0.04942983882405877,-0.10242034578053084,-0.6655043817301608,0.5263720766728929,-0.562931082793972,-0.34489544937476635,0.11524344913634312,0.3999780643195432,-0.07934127477762892
-0.4893246660026541,-0.27277399813713205,0.39224900990903994,0.12787158597006004,0.055892483009184486,-0.6646606996671218,0.6209730686915473,0.17606317370631455,0.19175197793258902,-0.4049618162168496,0.7295187690192917,0.1673956212564969
-0.4122776659152395,-1.2612083665699403,-0.21605154608765995,-0.01721297113369024,0.44182385209799646,-0.09155224952408055,0.020469439244233063,0.11003913422212099,0.3664456135521262,0.1683531986367193,0.13338979801055628,0.08115341124027761
-0.2425773585458674,-0.8643201250124454,-0.47762094091084134,0.04274216146288129,0.0514956328889229,-0.8818192772855419,0.786875225933209,0.6272033838825579,0.04763791821526351,-0.6185239628154586,-0.36382588498876395,0.15794239433157484
-0.7931527074170395,-1.6299097695313776,0.09677379958094115,0.08848625824205968,0.08762856572521255,-0.6863347114967868,0.5592343654207679,-0.23105504543495192,-0.0026000040833789096,0.19280449265260172,0.2091515229948386,-0.009930514417733774
-0.28558720589818354,-1.128180862272372,-0.5581456294966795,-0.16737534475474067,0.20833983147474283,0.07496662725301595,-0.1737690945995484,-0.23277832067682414,-0.22083010342606352,-0.0471370816841535,-0.0062871698086489035,-0.030643881485035253
-0.5393337780595209,-1.9685230747544524,-0.5238614981963904,0.05888259203245971,0.22386445026527158,-0.8274348344032647,0.6856591724791992,0.36781319181223177,0.17192207316582922,0.026947250511874278,-0.6086205123490768,0.05632943772023823
-0.8651190028727173,-1.8352038581416439,0.1644326980067593,0.04961963823151075,0.22761991294551193,-0.34988729508848143,0.2267531943225664,-0.4907879048679476,0.06832499308635748,0.5207925996937501,0.38184366671325454,-0.058466534766695596
-0.6179363392448375,-1.101974590953358,-0.04400429254828134,-0.18637524137136552,0.010811086871756422,0.27957858355002685,-0.39235965479113083,-1.1029052306117286,-0.6179750582220892,0.2550504124253754,0.7194921277804558,-0.18344013665014436
-0.309992864781961,-1.958411981264692,-0.6538939203479202,-0.165289019801544,0.8865236376319819,0.6656605343386414,-0.7372944001525498,-0.01156846350497441,0.6332419499238324,0.7619726461404884,-0.1671807901842501,0.017049559853612957
-0.2739691706486052,-1.2451721242259206,-0.2935734699583255,-0.11427534354289522,0.8057852161493823,0.6186640001472015,-0.6500723559218952,0.03222254929931568,0.6798135570408522,0.5130541062527353,0.30888656620502003,0.08697055694808217
-0.41657821961054786,-1.164740270537412,-0.006027345078443311,0.028260546594310397,0.6580963651605259,0.07303686602659014,-0.1090252422256252,0.24282482263675464,0.7527797774624828,0.33752439832774117,0.3656228835041214,0.14820404028783118
-0.4946089130318393,-1.1296043310699295,-0.03883887685664328,0.06218373240976266,0.2830824026937588,-0.4592593804234934,0.3822510760277591,0.192314277481744,0.30932395896079523,-0.012425120138754703,0.1901418318969512,0.10794641141447578
-0.5880950034368421,-1.6206566305253425,0.05442283170972819,0.05287926952910044,0.6968444190003771,0.04004303051034515,-0.09750063691778676,0.09242978538586655,0.7855331008032651,0.6129487708674023,0.3276845326997683,0.10140451542151503
-0.3534297228921654,-0.6555883258070018,-0.12360009347960493,0.041893067706645026,0.07933170614549226,-0.623436374109541,0.5496103966870306,0.28641625962051076,0.060007773635345575,-0.4314030990551071,0.16214595943527746,0.12919256780096003
-0.191706295059096,-0.2253756824481865,-0.24610384703405674,-0.15713744513112643,0.047788062781158165,0.08805190332501223,-0.14614534289999145,-0.27950469923078614,-0.3414136349714226,-0.41323905079830736,0.5144406590729079,0.019822418240114444
-0.3123696614953448,-1.0600357475213982,-0.1879111499162264,0.03138481609234024,0.559450252286217,-0.15045535145061847,0.10667075434671604,0.4693846983625892,0.6644754404720011,0.06665084683283683,0.1089564189125526,0.17816052470473806
-0.5318489353110896,-0.7655242465082458,0.13102469235988284,0.025396713133360914,0.07855699169556907,-0.3989296334940794,0.3218555165753783,-0.16570211696074252,-0.03349901852793495,-0.1391109512246462,0.533847636201314,0.05021311937819565
-0.8221541804840777,-1.841386874396634,-0.033178931847239995,0.10960670930411832,-0.013751985123282384,-0.9597030790678801,0.8066611998273941,-0.13813785291987535,-0.10945392574258712,0.10009400252524404,-0.06670278562907644,-0.020002210128179383
-0.43119805904214287,-0.8166002421603167,0.07698418455072034,0.14729776281257467,0.285709130470347,-0.7242238601242604,0.6701070115259005,0.5760200703776163,0.5284316650939079,-0.24735498693591085,0.20180284507732063,0.21438454395388
-0.6626808159261535,-0.6830528426007857,0.22922507297348133,0.02507991139217717,-0.2679391107266315,-0.6797675678422276,0.5690030503335013,-0.49690850382244595,-0.5259247741238035,-0.3287188831022682,0.6295162324380562,-0.03322727411652242
-0.719040946801062,-1.6077728365822552,-0.01893642241241261,0.03316546639581233,0.13937901491370772,-0.48161477121686563,0.3587968101972088,-0.2866838401079563,-0.030321394086873416,0.22503151959706327,0.1888455367032269,-0.026264577916242128
-0.13152232343535386,-0.33008671760416264,-0.2645294588487698,-0.18314862842816385,0.34675104453566846,0.4785514167378765,-0.50921037342157,-0.21306497823047468,0.010161849297443414,-0.12983874001479723,0.5787251028201674,0.049713975423558106
-0.6576114534271358,-1.6461238578490307,-0.17933822924572598,0.02042548081564382,0.10953030432624082,-0.5612285575869649,0.429923142151453,-0.17761942870009098,-0.08095266930514446,0.12293389750475504,-0.013133195661699456,-0.02118488109021658
-0.3362390089840492,-0.4660976406917819,-0.20928091874727464,-0.06389225819204528,-0.15438792564649784,-0.47545140582279416,0.38219083123104725,-0.1579222473210008,-0.4616511250477915,-0.5565892519506312,0.2818244850883452,0.020624837922917034
-0.8656780198702451,-2.1931987984515455,0.07817002595660058,0.13881801436057642,0.412976343134833,-0.5902118557460855,0.46778058903032005,-0.013321650649376942,0.4875391408345761,0.6007867913372914,0.03027509282779862,0.03020830891533941
-0.15455563511179438,-0.7834583422348818,-0.5780935839457545,-0.14805161175839338,0.20272002561058683,-0.014886032746226699,-0.0636629845009936,0.03611436745536752,-0.13256017102260162,-0.29019557186863676,-0.02609295201534622,0.04125894927279065
-0.379258961931635,-0.9892402754113443,-0.2835189162514009,-0.11889300866205298,0.1968433077162193,0.04162521469201823,-0.12811025202793233,-0.30866974837752825,-0.152819488387047,-0.0021540151380893425,0.27966588342943033,-0.017144042379005832
-0.20463385167562423,-1.453291322072491,-0.7600544121001879,-0.08758555849977823,0.4262410765524516,-0.16667304500220345,0.0723550603764694,0.3881947242432308,0.24644802645535557,-0.03844861356517522,-0.485356987698445,0.08252945213889609
-0.6561416331073334,-1.7577392110541794,-0.2388639038886111,-0.05751018969164688,0.18781159304070902,-0.20523959711295633,0.07355613766980569,-0.4509461781715381,-0.14955164237013893,0.33175000202933036,0.07959459538597913,-0.08323163749171653
-0.4644874151154065,-1.1714517062636771,-0.09557899266050454,0.11232460924247546,0.29406169412666266,-0.6892598599433856,0.6113215134134037,0.4800128587563696,0.43820023772816935,-0.1208587313416243,-0.008538860953613333,0.16216889816932623
-0.23077995767143322,-0.9485761817965995,-0.403499206607233,-0.043585525726688466,0.3736732632899391,-0.16363069994234977,0.10002617902935436,0.32806881339366256,0.2873380407738623,-0.1456439457413793,-0.026117286657873155,0.12182925768914135
-0.31478834383911725,-0.4606376120747511,-0.13354241801310773,-0.06463059653678112,0.04323283893278266,-0.22751521191942356,0.1585987050593013,-0.11749385270420477,-0.19581268468433685,-0.3706591470451539,0.4189224406133025,0.05089469275534559
-0.5138760543147761,-1.3363940040745512,-0.011683411725535412,0.1314230364123393,0.4515018402584492,-0.5606217174602454,0.49270313942070043,0.492590024550065,0.6649610493016898,0.10154350212667636,0.061577003888147304,0.17549097380493422
-0.5744999380577638,-1.0880196495730987,-0.049124613132753875,0.005091961264715871,-0.0032084027247965465,-0.5177616869013972,0.40860552886534685,-0.233664553708962,-0.21246708466584246,-0.12160495165578263,0.2703893940506362,-0.002003503221482941
-0.7274974945792998,-1.5169683715468003,0.20751477841241855,0.1481057537095771,0.32966746804633246,-0.6158662979275011,0.5266680133600182,0.11847638888334376,0.4692438283732329,0.2644441365610375,0.2784694677191564,0.0969945617785662
-0.3624390090013548,-0.9806474906449079,-0.2503670048824084,-0.03908589560650726,0.2457439324180486,-0.21384065195518823,0.13590721704009076,0.048042622184286614,0.08823779337520096,-0.09734924751386866,0.14987441609807742,0.06461685993295596
-0.4644304070580517,-1.4873353398242164,-0.46422379019742993,-0.11167176235902851,0.15258804425473074,-0.1559382980411045,0.03178074838959236,-0.30663155864956465,-0.24378885881907988,0.08350745080801862,-0.06943927423252172,-0.060850871126825454
-0.1854021787031393,-0.42123923406386304,-0.551694753298379,-0.16533237821847205,-0.24447148050805867,-0.3664873059150281,0.257944528773986,-0.22056913093627886,-0.7521574815299341,-0.7224949245997938,0.03756980355730722,-0.02600408771496005
-0.36104461848953817,-0.7098329345923379,-0.21763678920641202,-0.16983863675671243,0.0948903604593514,0.19478687790189425,-0.27645768552499284,-0.5651497414031081,-0.37838065936537535,-0.07291924944170959,0.5154959345075985,-0.05885175725667506
-0.38488734142818043,-0.3841642004730006,0.038781713917647676,-0.025040201956453963,0.0047303228526681465,-0.3172383562208482,0.25199705086186935,-0.15049256928131266,-0.1785774454574871,-0.37381260410157097,0.5707467376437304,0.05948840827672335
-0.20268928792666954,-0.26748878341629256,-0.12775812848600787,-0.07596868241052207,0.21141609523464472,-0.005926732187661307,-0.03206104560337814,0.031012116131462587,0.04357678774984621,-0.3417437517821388,0.5085778048038194,0.10527286611905202
-0.266143242747188,-0.994391033290464,-0.25336270341866907,-0.06283345436214012,0.5865639548054057,0.22076701008446,-0.2606555222166622,0.17642887755387854,0.5146926948197812,0.1715541758649272,0.25061200597218064,0.116656695877338
-0.22668042270381372,-1.4630531882982742,-0.5712195423403875,-0.18579559888746008,0.7645093583277243,0.6897443829491571,-0.7449200246716677,-0.06573905778004624,0.47551789764341384,0.517466071886776,0.05171989752853696,0.028690147108654675
-0.4396211546616972,-1.8879581104578884,-0.20566991630128237,-0.0795437427215109,1.113821452115562,0.8265232454696108,-0.8588099874184276,-0.005933451474769454,1.0827991353852773,1.066769034136143,0.2978102290157815,0.07705947548967679
-0.38368178117553037,-0.7606366923300881,-0.24645371471498784,-0.05607855916638233,-0.050923110666654364,-0.43353648867116135,0.33414898346379807,-0.13924538487851779,-0.33583526697581056,-0.373618954660618,0.18301532564643846,0.0142436645945719
-0.3574038782753395,-1.6083954301436105,-0.5492068474386615,-0.07642783268930917,0.46376056400823706,-0.0451706673771642,-0.05069281444118851,0.12303181865876418,0.2681876668221508,0.21692454129289732,-0.23889776478432376,0.03966704761906454
-0.2015223606151896,-1.095978794495471,-0.6768090821732647,-0.07358697036964044,0.17392822072401867,-0.41568330140011067,0.31523869843885927,0.3342176760180854,-0.039090293387165936,-0.3554733152814868,-0.3865549267885989,0.07722128338199244
-0.5062752045972964,-1.7344768036282296,-0.45330500757547326,-0.10039750553686468,0.3035586829079339,-0.04949136115269097,-0.07162998532296472,-0.2786658368079345,-0.043987582881969536,0.30306194664629726,-0.09542782336467026,-0.05516440472093685
-0.5764071974219122,-1.8126196555314025,-0.29704908025172655,-0.11767460825295763,0.44844371939827177,0.2622240411409838,-0.3693134179093171,-0.4917762025696088,0.08617161124585715,0.5952281947585538,0.16978900485351833,-0.07956612241655597
0.4479036135894551,0.10562557128763694,-1.1572680563508848,-0.45627854596629414,0.3695712911813641,1.0615164232350989,-1.083186752591528,-0.08750854638796743,-0.3565007833043987,-0.5537509209645853,0.050462725108252955,0.024742151093116067
-0.6770808499752115,-1.780983102068334,0.015912765431407155,0.017108220175601214,0.5422180139581095,0.004065731546122179,-0.0905040245367964,-0.202554093854156,0.4712522555429725,0.6364850401204325,0.30885696203906554,0.016274427644108573
0.010295115141097036,-0.869569373273785,-0.7274235137209666,-0.2104509560201287,0.6174667507235604,0.5574019547762494,-0.5968166182517926,0.19514870422087766,0.3251851708572269,0.02135779455851442,-0.037498438887100756,0.08932673743236416
0.15062367068615581,-0.8756204547604514,-0.8924780405432334,-0.24180099514046863,0.8137473082630324,0.776948837460612,-0.7972223340193414,0.39910920059949645,0.5576814542473093,0.07831417547972884,-0.16333570630855274,0.13286572284114626
-0.06329367102727924,-0.1786389588575385,-0.40280573136634773,-0.05672760925361694,0.07053071659379759,-0.3962219593793893,0.3435615490377355,0.41284730783906887,-0.05641334061247275,-0.7351807325536788,0.07748373503113798,0.15587464180088936
-0.24686647808954232,-0.5177551449960847,-0.3944397224239223,0.010828547620875045,-0.18161158863940266,-0.9247944818059125,0.8242245485037756,0.3740907502829239,-0.31368577376395307,-0.8320159140627454,-0.1578285663661892,0.11180167213426644
-0.2739215099092176,-0.3886389957402343,-0.5325905951329748,-0.1754441762267142,-0.5294314353837138,-0.5968341381247686,0.4573014341525914,-0.47491653182815713,-1.1743473128441202,-0.8899187206133877,0.048646450232005874,-0.09785093455558153
-0.46673874022543094,-1.259605257580006,-0.21768793909164472,0.15037708654739287,0.14442022583433325,-1.0723161324758876,0.970786149487321,0.6629213605137537,0.3174890944725067,-0.33705636489911894,-0.3010565595704284,0.1742445044046942
-0.26554419753064223,-1.0190235404634405,-0.6514137940013744,-0.10644388900771383,-0.053941420073842256,-0.491500707008975,0.36891080024446987,0.029434204637312004,-0.4254902919659666,-0.4629670930256401,-0.2987262850135954,0.0019713004527271067
-0.7862763077979807,-1.8422902300816226,0.013722014929643131,0.060175896084090824,0.22076818033323709,-0.4947733617709443,0.36838972393631103,-0.2581774984689605,0.10455908325382476,0.38088454538237804,0.14776479368507683,-0.02330857397054604
-0.49184923359358124,-1.2509008486757844,-0.35635089726279395,-0.12490998962200466,-0.002382252247963061,-0.18380541003146458,0.057252320047387846,-0.5033221064371265,-0.4737592005216981,-0.03477631237097663,0.12242651645411935,-0.09273739551893218
-0.2810008310518035,-1.055272440131871,-0.3995488893868396,-0.1254915469136766,0.39199422266640693,0.18879037810260849,-0.25855557586477057,-0.08412797176686543,0.11622848210550527,0.07965761947808213,0.1547821834259858,0.03169026120992158
-0.6701936571654782,-1.3879967333541197,0.32072075888290036,0.10624078665637814,0.6004325445864245,-0.10121206496443307,0.051867525707445246,0.03335522707526808,0.7596360519787383,0.5364978170871523,0.5923552171088742,0.11602611392919294
-0.20447286116695312,-0.6526549641204663,-0.318044514743386,-0.036436944550499305,0.2742814131420639,-0.23204496569334207,0.1762022283784644,0.3187453257003019,0.19290284471297658,-0.31620275363732664,0.10547960749281178,0.13462848541440506
-0.269388341488929,-0.9889106320239273,-0.3774886774667214,0.11980563581315791,0.2263845779321964,-0.9609904087275672,0.8821196490460045,0.9120905749029443,0.4302345441925679,-0.5017076029200059,-0.39628629902365886,0.2331225659517527
-0.3462395036311416,-1.1966472056770903,-0.584412813477539,0.05326502475263872,-0.11066597173564292,-1.1605228617704144,1.0254237729973699,0.5439814217863546,-0.18958012399430274,-0.6465156439249726,-0.611245464367493,0.10206221028698532
-0.6322031305168061,-0.7651648566478523,0.31397292314399333,0.10957429421865221,0.01441598732800268,-0.6908387971184213,0.611093337913466,-0.06386241771383144,0.033167855321993685,-0.19180378535343548,0.5817047496767397,0.08211277731560909
-0.4619964636339527,-1.519486004263937,-0.38476675552708145,0.036957389708454524,0.23427134528980265,-0.6309052831421879,0.5189553419611572,0.30611458754620147,0.18209110261408337,-0.05954110486725824,-0.29561684549755834,0.07891590530786521
-0.5878857819097221,-1.404370817069296,0.013518331170729883,0.11287789180209697,0.34280544068099655,-0.5789902163970448,0.4943362446483778,0.26890605442844534,0.45694028322820673,0.12299437336905818,0.11199031406306638,0.11892721918538489
-0.33604381199980576,-1.306998637497126,-0.5098028501297035,-0.08068736614756214,0.26894754438562013,-0.191150234887957,0.09136351342337214,0.056874656055916566,0.022110407373010153,-0.03348640292677736,-0.158142900013664,0.029643369324688952
-0.06574974977477206,-0.5211976818874474,-0.7380441887878135,-0.14350294342207995,-0.08468080171780408,-0.4154326843379921,0.31707565610093985,0.18211536171941367,-0.4641645391148132,-0.7537152424030398,-0.2604362788928321,0.04979874291978904
-0.5270559293288327,-1.2834199371892572,-0.13774348143500373,-0.02690172855109875,0.2361671183284963,-0.2083690317806912,0.1130857215429062,-0.18815318668813405,0.039663243534862606,0.12812344802313483,0.22871383746294907,0.00837444223006247
0.04479832628535577,-0.6121591722619503,-0.8334610275759364,-0.1413444778519733,0.20869734748176227,-0.19351040268727618,0.12226570526180926,0.4770048385536992,-0.04422440395069559,-0.5949314839999887,-0.36596046149061207,0.12136113391232832
-0.6194296234443974,-1.355883611742035,-0.11970374921592722,-0.12431537714266214,0.11399428069471644,0.0766855171111191,-0.1924911909889174,-0.7709001625527582,-0.3608891246387702,0.2842660376332342,0.448599835253791,-0.12532854696487933
-0.7658054837608024,-1.1667637643989965,0.34182554606095134,0.17890828587048993,0.028309623827233454,-0.9502915556222006,0.8500234359232614,0.037535805379902636,0.14260055011005593,-0.07099324923577872,0.40020367697674336,0.08622644491640233
-0.8881333185590521,-1.8849317505210033,0.2401277157496301,0.16542165038025253,0.2617334398216547,-0.741232939274195,0.6229127713671253,-0.06312269893516884,0.35274888506972457,0.4146953118976868,0.21628664730058458,0.037642407151370356
-0.5501234727782757,-1.401468486070434,-0.34158414686903366,-0.02449221838759677,-0.06731668405926926,-0.6516755069420332,0.5111129871642517,-0.18327371965016928,-0.3680810081568914,-0.16961237563096185,-0.12222697015520961,-0.037072789260902225
-0.6810738840321472,-1.3504653338698134,-0.16090938946185088,0.020623167679499045,-0.265173059807286,-0.9181456093357535,0.7615240817237957,-0.3252231663095315,-0.5683026302252937,-0.26523835311109045,3.0567792105866386e-05,-0.06411308124606094
-1.08395173343334,-2.27515978929548,0.11187043960007446,0.10179155419166878,-0.12357035097513741,-0.9549842702398598,0.7651172838609112,-0.6371612815699139,-0.3676931396836833,0.39521864272076135,0.06743489811926834,-0.1429838400933544
-0.156575007794814,-0.4152860865993717,-0.09641451180965058,0.05879573933910148,0.4898627829196879,-0.26076509601945036,0.24976036510290311,0.7266032636202308,0.7068358564766756,-0.30746996525565534,0.26042875114111014,0.2674842509243969
-0.3988918220632812,-0.9448571990737431,-0.27869449039114363,-0.12499890167107132,0.09581000869220338,-0.030323720028432963,-0.06526127653879782,-0.39253147391528626,-0.3029617543419229,-0.07624612638812163,0.29178887799812614,-0.03977731116659021
-0.6299270382680899,-1.6268862238213273,-0.18205765963119788,0.06449601895886488,0.14344262324876753,-0.7083479567670696,0.5831198747242843,0.057833066701815934,0.06731832326330099,0.05022532051030047,-0.1104728670133906,0.031525674852366986
-0.38363238034111563,-1.009466622851365,-0.2275867806338517,-0.07268692818951099,0.27182859632476125,-0.03711313219668587,-0.03997724535671324,-0.12822556312694414,0.04308318453291186,0.0157149798123745,0.2583748965452237,0.030107542273442346
-0.735302456973289,-1.7285606889873286,-0.07869589735305746,0.060268423976648,0.09758592476643,-0.6738762804958,0.538678421404697,-0.1728382936133965,-0.037730159677921274,0.16599294057429817,0.018951228414258402,-0.016822661894789655
-0.4767013562482422,-1.0587622819188809,-0.09557778170489109,-0.03972377070178753,0.2325053558065765,-0.12860361098284026,0.04675756351586725,-0.1984933986262508,0.032464888812766594,0.060794871078915166,0.3504622437846569,0.020985009538396084
-1.1541426584481649,-1.8935646001884718,0.36841635954620716,0.06013112948087146,-0.29951395144319115,-0.7913495718606608,0.6069768423855829,-1.100081436855252,-0.6920154026819269,0.35533893179626463,0.548849188105419,-0.21230970196860605
-0.6324097869501126,-1.480575022834167,0.10852946797244277,0.10312530533311141,0.45630260186656135,-0.3677715820334798,0.29288204257181466,0.14718542419548772,0.5693486615822362,0.3312345138567673,0.2709811685738275,0.10621288994476481
-0.4144928564564235,-1.223679999163076,-0.4555700080005292,-0.06485180991034394,0.004178502710520095,-0.48396116389038596,0.3597149649483196,-0.08744077515897578,-0.312464159838748,-0.23584061862258732,-0.1476838820278565,-0.012030394929781205
-0.5040116657213196,-0.569387110744584,-0.058657201652750436,0.15863218494232995,-0.474550668440498,-1.609129015318499,1.4800577080499118,0.38394096891197715,-0.4607143119754337,-1.0007359830423395,-0.08940659175873128,0.11714505129804224
-0.587912406459784,-1.136101444359016,-0.26426994078437777,-0.12719761728254703,-0.28087269964503475,-0.3919610366464775,0.2414015851458466,-0.7730580633769397,-0.8689894961994741,-0.19935237075454842,0.22960757710272714,-0.15694863312983448
-0.3791682710433228,-0.804422713662137,-0.2419490399968153,-0.013462198580776874,-0.008555943928977591,-0.5630402002609438,0.4669901903396536,0.057063460867391426,-0.18920817243463947,-0.3981264582389402,0.09056060650330128,0.056778762894423344
-0.5411294477494127,-1.6436567922394545,-0.34864300203969767,0.003873005487193761,0.2008052019865368,-0.5092443835264977,0.3857136225270414,0.029232322657082675,0.03809713582642751,0.0766923223810672,-0.1937438772537233,0.015001974121803643
-0.6698931958080011,-1.8229176292081541,-0.198551998855978,-0.02506945616586087,0.2643726998577959,-0.23705472429230293,0.11168376554902952,-0.33251304264021003,0.014076369228139572,0.38828859353870815,0.061883337975908954,-0.052478746262891715
-0.2589060957266489,-0.8044011651728997,-0.44372516079554086,-0.019709884758971827,0.03363731184941366,-0.6225112656466151,0.5281549354525452,0.3166374025446743,-0.11186912384651664,-0.5196218284698075,-0.1664504148726171,0.09739667179583321
-0.7731591919028269,-1.7526768429798307,-0.02059667183426697,0.0641164680444561,0.10042864303230581,-0.650644225866128,0.5152915926814049,-0.23900999389766564,-0.03787426027181695,0.2199540390641254,0.0868012045715334,-0.026808482305466876
-0.5701848562620017,-0.7427246550967351,0.3841443402272083,0.10515262821607056,0.3182726583525512,-0.3250712978201874,0.2828260459037361,0.04919979695780125,0.4439775365489496,0.05577466650118261,0.7385138779237713,0.13613863715239533
-0.6631942590179597,-1.6070283004550583,-0.09883941409130573,-0.032330952510254314,0.22532340418161273,-0.17920624652650893,0.06364567597701858,-0.42018834499554164,-0.041041867033260654,0.3383046416292247,0.24328301214468215,-0.05438084848577711
-0.617015912547854,-1.3017386691786506,-0.3037141931154704,-0.03221122976399868,-0.3253073001045722,-0.8516808455606929,0.6876328695483548,-0.400828106067239,-0.7401012617817045,-0.34574075906874946,-0.07635405540449525,-0.09412251072222233
-0.9632199110907755,-0.9128995158619001,0.26718858124015876,-0.19038138770570603,-1.8448498756210112,0.22084211859347125,-0.2475095643441909,-0.7588827164587401,-1.2674708711015346,0.3699421354856177,-1.3269623852182848,-0.4618673717506032
-0.7138740015129235,-0.07410373475130963,0.8017919349607147,-0.04892017671220772,-1.1248537441297297,0.7162403964694957,-0.5976302889841283,0.08907843119106011,0.09832382596722661,0.5390308816808786,-0.6778003295566524,-0.14094833031448112
-0.6584240783837984,1.1855571587713727,1.5846528733947778,0.10238163208098312,-1.0785146020295766,0.6644559461347112,-0.4492739064753583,0.38783258817045857,0.5589340225078936,0.22376475495761275,0.25234718423692143,0.055778755410662496
-1.19125400549858,0.6608668704845894,1.7913258487808514,0.12115921755724306,-1.8816724245503116,-0.09392054658420594,0.1880551039918958,-0.5968246961501523,-0.6408683583292715,0.12105515252056138,0.2898447572661405,-0.22152208846680999
-0.9607270769005212,0.7268860109251919,1.5067369886112971,0.0819839282108512,-1.6761896017400968,0.09292888187651571,0.02376235993025893,-0.2353672793085234,-0.38337403426505584,0.06429703648160105,0.029964415580966335,-0.15066030885503645
-0.9398119648733594,0.7398754732261472,1.6314379486058361,0.18631977227376825,-1.4746768895089235,-0.05255537891281829,0.19769616914570048,0.223849050939319,0.11319159332829262,0.09218960329818528,-0.00634170130054609,-0.027780443624337965
-0.7596555327341922,0.974118834592451,1.4095195220244754,-0.064575670335592,-1.366302492635436,0.9432998386313467,-0.7807357810666223,-0.4424333161481639,-0.21851641435432667,0.3246595365427839,0.3199801657922295,-0.16590460994484582
-1.3086791474361552,0.01326448768213787,1.8516888637690845,0.24150994594279337,-1.5178931877669357,-0.1968749381773842,0.2978872748948559,-0.17571520070075933,0.03319946694901404,0.5322652138587333,0.05094968734833142,-0.13345803003771262
-0.7257240092765443,1.113376550565017,1.469853982911607,0.1952963063217875,-1.4831760671301943,-0.19168033169107998,0.35609158820399767,0.6385991649541847,0.20099982820285622,-0.2616710964028002,-0.19332994779615395,0.06399920933881499
-0.8670470260487246,0.866976652829725,1.2387450129324593,0.09867327392614812,-2.009456484047733,-0.47337993039482434,0.5562484101578195,0.015125886700960253,-0.7537678299594105,-0.4706727024696328,-0.40706095429426653,-0.13909665358350415
-0.6928156331323168,1.152153293003674,1.4862603542785142,0.10231052344192997,-1.3264472550568538,0.3547959160142346,-0.17182854587146262,0.3246013088403798,0.21986006299599914,0.004130464040717857,0.07391113037656664,0.013536079460027625
-0.7673196704255817,0.8239985288778872,0.6742782687990101,-0.15651100425136727,-2.453319267027359,-0.23225855261720715,0.2466255492407498,-0.7467774116008356,-1.8601475837926742,-0.7073395354730683,-0.6698528984709994,-0.38262697560203573
-0.8285945439763269,1.2401002718814853,1.5384100403372238,0.09058560706630407,-1.7683645269537962,-0.003607320093713937,0.14119926640211106,-0.06343875293081055,-0.42420775598812416,-0.2653296041606315,0.11873769723328369,-0.09272722005432976
-0.7066667304816864,1.459150355394219,1.9983057789445864,0.2608884402549668,-0.9231018757643589,0.4394404260877054,-0.17982516906683477,0.810777244820985,1.1028381204251554,0.20891055400536498,0.5220498500999129,0.20525304026724522
-0.3482482495035732,1.3198438665328354,1.340421418262701,0.1053416092779803,-0.6471474787580677,0.9316982982087009,-0.6620908669257759,1.0778285700009238,1.231431778814594,0.22914708087669575,-0.004142337457901348,0.21970158482415275
-0.7957374714623524,1.0667019503686836,1.5436355334417697,0.1325870157974149,-1.4869307573140405,0.10566723864816724,0.05514459481622384,0.23623185899016907,0.038954888803216715,-0.06348680268803668,0.04529793871146185,-0.016802609866363595
-0.8861203656252656,0.6539309497247296,1.7135078343686239,0.07210945923890603,-0.9807181907696948,0.9556096180164356,-0.7598683728661082,-0.09223141963963274,0.5320088914585035,0.7348490590069783,0.43271501706127863,-0.05371616899378963
-0.9878258505119769,0.7973739444971111,1.8735073630020354,0.1887905230232084,-1.2717802105259135,0.2933436619636574,-0.11752710784779465,0.09367808887638422,0.3750706048459603,0.3793581659561204,0.36125539777845256,-0.01616985616443565
-0.817128722196514,0.5909395629113504,1.4752419028776504,-0.1403093855963511,-0.9583538138317081,1.6924448616101424,-1.5064816415102116,-0.761558569403184,0.12303962550660061,0.9891821634242445,0.5887052386047462,-0.21565525468123398
-0.4390519010552283,1.1096742900352123,1.2213484253899556,0.07641479127823518,-0.8983613493555999,0.7197337400615587,-0.49435110386217435,0.8262780216818632,0.8014547591457227,0.1408453564742808,-0.1721908582122573,0.12693491100190216
-0.6529521962088423,1.0479396466312987,1.1991167034158798,-0.006817749363214591,-1.5098933320741124,0.433699672456489,-0.2851474157028028,0.021994205510742205,-0.2496801942924957,-0.08259178709271296,-0.1137400660365808,-0.09350882265923988
-1.0958127007677216,-0.15009434593365503,1.4473680909495208,-0.04364858662398078,-1.155666770347709,1.0688735173246995,-0.9485312119354021,-0.7703458436839487,-0.04585068033555835,1.0635883343518824,0.18271673487376175,-0.27288171923029036
-0.4375047481316016,1.0766340220450799,1.0618808046094141,-0.06708263117398083,-1.0384018645257969,1.0638624636414515,-0.8624594439294476,0.2681285965400054,0.3076544042493898,0.2086723919492037,-0.08703552873066409,-0.01594160235709078
-0.6000876756566922,1.328206736152774,1.3413537831192708,-0.014302015568952825,-1.3952008976316677,0.673911475353927,-0.4932295570581053,0.016241582609394328,-0.08584177182526517,-0.034343193504790245,0.1601913911640254,-0.059587280143533775
-0.6792688240691173,0.9629265394440687,1.2328189382555554,-0.054958021557236586,-1.4085784118932132,0.7504565907674802,-0.5959067027613993,-0.20747227456798759,-0.23080800384895778,0.14525499623947338,0.0462200724794816,-0.13536831688526552
-0.5622436114162374,1.5921653454159086,1.5358892043927403,0.08341706272339743,-1.2915042173398246,0.5069361685229583,-0.2931250772855491,0.4041233754446199,0.2840139983855175,-0.13833983802523928,0.2590618979073345,0.059593119388805106
-0.890775778257125,0.7814786711347738,1.6614877779628816,0.16095909515075196,-1.2908141841428538,0.25399587922862116,-0.08519566321608363,0.218542645429599,0.31776850710293575,0.2590567544892257,0.12814580875557605,-0.010157060353691664
-1.035789602336307,0.7315268657448317,1.6249763236836592,0.08173245950852613,-1.718419511009727,0.12635970911284028,-0.012499904946182588,-0.41525549538740153,-0.46131888097597257,0.1289512956857937,0.18764294882524915,-0.1813872159617965
-0.5424389928826755,1.6475711772869648,1.7281260849157998,0.15748326990937606,-1.0015133157260845,0.6164781022646099,-0.3611053021528911,0.7215138996748507,0.8341202744880479,0.03340885468533276,0.40573374983355454,0.16738246007586077
-1.2093872814270734,0.2964308761250328,1.8809351518645931,0.13463434974758656,-1.3853626230585228,0.39517620418008065,-0.26382915425683745,-0.4725491136770195,0.02104550684430383,0.6854494113855724,0.4019148296090172,-0.16858110696309866
-0.8774412380354197,0.8856547746795126,1.5876639553970366,0.18816035622433921,-1.5121230699822314,-0.12197728023916439,0.27093908349045837,0.32964050532697625,0.09266354920708497,-0.04950132950653812,-0.054135947951396514,-0.0047000426938059526
-0.3919449918101922,1.8389366993023937,1.3857361067825649,0.19268220591538873,-1.3500501249699068,-0.08629222613016878,0.3084703231489395,1.1640753961409147,0.5022102651112295,-0.6328289009667301,-0.17092295714677472,0.21438853199162503
-0.7442216754973835,0.9909282920718789,1.4165759552839123,0.2111558656781434,-1.5113117020410696,-0.32044378270527946,0.4737914833656607,0.702073156309825,0.18677613949315944,-0.2849523663103242,-0.3265051365857978,0.06438840393430866
-0.33055232060051165,1.328818827507601,0.9485973462464785,-0.006926147969568554,-1.211356905259414,0.5799950595936788,-0.38374366352946193,0.6812622412209735,0.2512532526275366,-0.24191141927540596,-0.3695333756306436,0.060780499870493485
-0.3872642378001669,1.2317040673510835,0.932486869603787,-0.09930167471677401,-1.2530329287121857,0.9028080170602395,-0.7196376885996136,0.2098811459697692,-0.02297268976697699,-0.056965504387733505,-0.19979471464224005,-0.04755973489179628
-0.3463644540191825,1.6789194984973128,1.4531207540711426,0.21223237251706653,-0.9173351183437075,0.3048084642014206,-0.04067046083054577,1.394618537449095,1.1212800434212193,-0.24965433580520632,-0.08170644973976991,0.293329037302991
-0.9283966884464969,1.3102383598104155,1.6804299141644665,0.09812275439215244,-1.9280912552584815,-0.10281530232290086,0.22845204154747129,-0.2903311647226626,-0.6447300468185784,-0.30764475278486453,0.28330261752129854,-0.13693985590668784
-0.4182419827194027,1.8022973790858958,1.2939947238370069,0.030416868991585348,-1.4450453095989286,0.421831323644569,-0.21804896347394837,0.4641646803314204,0.01934580287004373,-0.4453184487520194,0.057177465541570806,0.05077190875167407
-0.6028061570599667,1.4023964202504517,1.6763333728694938,0.1929212705994601,-1.0400541654794644,0.3959499099015861,-0.15975302629352955,0.8074437019963343,0.8302386359611004,0.03501511337959116,0.20889022646236935,0.16552618223780782
2.540631047077526,0.6950236836451011,2.2421390760107833,2.2258990204564264,-1.9024246096532895,0.5326380522188287,-0.30306702125123475,-1.7657493577112888,0.7428140850617322,0.20510174384686528,-0.6917034358478646,3.674538238255742
-1.1760465802995024,-1.2682168280571413,0.8042978420150032,-0.06473253014765253,-1.2845684801687043,0.5984408484929877,-0.5705494404478235,-0.6511698715213438,-0.3367608940654003,1.117554417127702,-0.8463644614977562,-0.36926934352654206
0.0585771054333015,2.1594005199975626,0.5826517021284483,-0.19821261433394344,-1.3810148357991707,0.9771044980797341,-0.7605101265461041,0.5511334316896362,-0.23100290155003012,-0.738506302131019,-0.32981241360171326,0.03214930432418811
-1.2209229206066845,0.31920847106222766,1.6512981310143844,0.12179347680903276,-1.8434438533121986,-0.1535363588347292,0.22942965663391884,-0.5464185127170192,-0.6136036570148661,0.21927245275300247,0.04870813330637284,-0.23733623450034858
-0.11273118984574529,1.7942855929676451,1.111664766173333,-0.02067482388516346,-0.7240180738204605,1.2343837658578685,-0.9515253483877205,0.9669971074337512,0.9503445530640163,-0.026126959688447405,0.033124135888218866,0.19556430815787537
-0.4466204431325605,1.3162884212889903,1.2848917566623999,0.09254314613749949,-1.0532676953727247,0.5437132674190476,-0.32249562973206475,0.8053795547581416,0.6389550690277713,-0.050973873132193585,-0.11376622968774083,0.1266385813921863
-1.2746640127081068,0.1732285993062611,1.5451259383410831,0.15070254389926477,-2.062321223195749,-0.559543535871334,0.6003715310623471,-0.5005055159149167,-0.863035022793612,0.019592554797219254,-0.22025978827381096,-0.2608936589563923
-0.3573987971514553,0.7232764564922981,0.6514363645472393,-0.03900141774647329,-1.122918729732139,0.5994513961508133,-0.4346523177351091,0.6976077474021404,0.2631659437519176,-0.03169475085339289,-0.7845585594945018,0.014898986813339529
-1.164185066452372,-0.19803107329635825,1.5510504104276805,0.18168482825452228,-1.2975516403305833,0.07316993420828555,0.03469891220412628,-0.0053392771267167394,0.22802769740669432,0.6616922020707562,-0.22383545826223258,-0.1170672887754233
-0.1844064632808268,1.8457330447709097,0.7844432063931719,-0.1299337627680253,-1.5159965371428599,0.6847499991311778,-0.498024620949932,0.3617536625384632,-0.3481575219943814,-0.6213735929855067,-0.2785469345400096,-0.016907566737308123
-0.8604914123336124,0.6950583693579593,1.4062631346207706,0.04323853493383953,-1.4634088706983468,0.3992058774552851,-0.26221190060640703,-0.14795003835309345,-0.15783677458751863,0.21097182500788333,0.0086962438161137,-0.12615986528289047
-0.7572304797049294,0.7976063353610064,1.093430722773258,-0.15176826949469444,-1.6571507721784855,0.8059503322556187,-0.6945166128928177,-0.717407233702189,-0.7970820235266467,0.14430308112849435,0.014238875943379616,-0.28151919709367573
-0.8446957298982716,0.9690044437012366,1.802554854302193,0.26303601039410673,-1.1718202799204944,0.049288489719593556,0.14910562419096635,0.6698339142704897,0.7160053444580556,0.15595154921545198,0.13387400231022142,0.11506211911145599
-0.542799007304283,1.3706852291171896,1.325969369845662,-0.006871107092754676,-1.2877347446203073,0.7420113775197585,-0.5463836925909361,0.16440047769762195,0.09065423164322656,-0.014244455651410765,0.1448403224376032,-0.01942740033158031
-0.7518466766900258,0.6774017858269075,1.3288259506388167,0.15454091696240016,-1.3013660129503133,0.05807018528241056,0.09806663842741513,0.5597413587890608,0.32568736479450994,0.056579838984309835,-0.3328524783525067,0.02716147439136083
-0.4029077067657426,1.4899274400243923,0.8639354469202921,-0.03510415630254075,-1.7571868479374866,0.10037059598626036,0.04042243319298847,0.3552178797946989,-0.5434185298403603,-0.6962658082432891,-0.47976627849414083,-0.04823924622612123
-0.7604446447473543,0.8414036331102354,1.6153966325685116,0.10292913904041008,-0.9734373153499497,0.7793343211450476,-0.5722236132710525,0.26481267529528074,0.6530810173809877,0.5022457598332144,0.25645024240078645,0.023007886864044265
-1.1025490086640535,-0.0017262541554798573,1.5908566859365407,0.0734842165921356,-1.1714539296095148,0.6690701091203701,-0.5367123569038709,-0.36647035965344676,0.18951999978836817,0.8688697729942478,0.1303577581561798,-0.16971697672517852
-0.4949613479572333,1.2515172078951013,1.1408726605954702,-0.012472982818770984,-1.3199799978543891,0.6137070369555728,-0.4319155187746848,0.29820681990254433,0.044444082799640995,-0.10677832597967483,-0.12045508919245404,-0.015565258338355517
-0.9614014852035687,0.3084884741267214,1.3694709732659844,0.07405567877020515,-1.4468097734012868,0.2590580579346356,-0.14324757331931723,-0.1291441452106594,-0.11723042822360609,0.34559670398949704,-0.17017866682775348,-0.14384020928586588
-1.0140460830568379,0.369119701547091,1.5689537982970094,0.15707188091992677,-1.3926332342957275,0.10155503826053491,0.029138744926956152,0.05696886867142458,0.11986742469285488,0.35163992936617583,-0.06947099060506498,-0.08073857434643034
-0.8485411570284543,0.7877018143097634,1.2934224052972179,0.04607578141001775,-1.7282512193559243,0.05431447215416281,0.0559445113914405,-0.1328940183711765,-0.4936229380448643,-0.10506461274127592,-0.17950971446134964,-0.1480516259480611
-1.157319434726558,0.2904359158967647,1.7129472167498676,0.13656276586887214,-1.5053292917226708,0.16176636422178903,-0.04716731190012797,-0.33543992739612694,-0.11832240714613594,0.47436153326784125,0.14681956112434663,-0.16350238695219796
-0.49813309976424114,1.3631277348040656,1.278473614731519,-0.1285845171212204,-1.1335030791703902,1.3619101935337903,-1.1524434070402527,-0.22096180288456138,0.04585914310359373,0.27781521195695513,0.38287339537568205,-0.0928072780309096
-0.7439682086209056,0.6504186014593581,1.2544259311708712,0.046815623742035295,-1.3024518958275693,0.4486824564554401,-0.297943645446614,0.15446744847215038,0.09421027884792627,0.21173736453635497,-0.19093091792039793,-0.06554335462293653
-1.191972110208941,-0.0367594333046018,1.2553672235551159,0.040830157149189986,-1.991812995508434,-0.22809485406171345,0.25749609702859255,-0.6745973331750114,-0.9913298903455948,0.15342830873418498,-0.3872391460148151,-0.3271978958059081
-1.2862884853646595,0.6927941782737734,2.169846842397728,0.2795321679189485,-1.6707102291066322,-0.29005443150259874,0.4199733862033129,-0.20274799256748235,-0.04880504786315389,0.245903311082865,0.4827168446169581,-0.08918424322397794
-0.31305099310520246,2.044025391313873,1.24620630196781,0.06825127215700046,-1.4816068151485968,0.20602339615080173,0.008241390273111044,0.783017334505117,0.09414194528049846,-0.7087781963071791,-0.06432099348041007,0.12315875272102113
-0.5930261593512299,1.3218576603453764,1.5968751272435318,0.19634049847624,-1.0601811281944498,0.3102606460421246,-0.08236366996755834,0.8732038131831884,0.8100940234433397,-0.0035899333656712763,0.07606669298913585,0.16694329443404732
-0.5889480934486155,1.3836156001012718,1.2914789772104482,0.021785411416800314,-1.5331702510241614,0.3589287790905646,-0.19079875161318396,0.1725336228359217,-0.1847644045358923,-0.2601368537331538,-0.004387726188109977,-0.038753328461673245
-0.42152651931406265,-0.7772932754609712,-0.12613698635582254,-0.22862449934748982,-0.8928456924337128,1.0815491406464113,-0.9966289152862429,0.30031754694471996,0.0715428918751678,0.6683069691263177,-1.6137881919854207,-0.19321818094196247
-0.6980447081785014,-1.3070256211915638,0.06664072954778105,-0.06771649257533713,-0.9752650065536531,0.45396335425279755,-0.40379778259500854,0.47799036029347813,0.2026439079151603,0.7575730228402698,-1.8140625865767777,-0.1731247169998306
-1.3610613679310726,-1.6490669710329064,0.7481452725521441,-0.07010370065542554,-1.5582325491453597,0.30417694859099054,-0.33188343966914347,-0.9715898290533024,-0.7812498036317599,1.1138936197974176,-1.011888218727206,-0.48161846357465354
-1.0227948025845999,-1.6591528181203028,0.15208189929439292,-0.09824849358556734,-1.4711132797964177,0.13034615800127985,-0.1582333374573019,-0.27955646918779187,-0.6285332014177916,0.7543406447454865,-1.7560577497166743,-0.38069546079856187
-0.7922831097694372,-0.8541668696787993,0.3664756416276479,-0.08940629395925649,-1.2469386946476624,0.46941836608315296,-0.4194340166941877,0.01608692925289566,-0.20891519642187314,0.6144630809640456,-1.3227998087616502,-0.24226191845815215
-0.7485484007800367,-1.8721865169534655,0.4668708697112172,-0.11596812804978675,0.22809539314644722,2.0913965669675387,-1.930965439629839,0.3267582468787465,1.646882624679787,2.2484361482187722,-1.0544238513030015,-0.10789363670189195
-0.02713628483339214,1.8508086549757898,0.43658849405757605,-0.2694676900190903,-1.5240714101004371,1.0265490879752026,-0.8489773172096303,0.17266952895350823,-0.612082765603752,-0.6462708773707034,-0.4359280612372242,-0.08626262614854735
-0.4708067495965184,2.267839292220179,1.7747606432667258,0.10014256602714279,-1.3393522522915844,0.5552791456722923,-0.3023326818837789,0.45388505419774644,0.31485016370906616,-0.3783448957828801,0.6462699812148978,0.1211100381939514
0.6765525063812481,1.0686041037927192,-1.0212322182149998,-0.39957673381203307,2.1861700734876046,8.671049769849427,9.376878314709879,0.1932592310992757,-0.028857247568526753,0.1719769269410755,-0.7908056966356366,0.016830543278422212
-0.011688662854183457,1.367034429976677,0.25889896169206605,-0.22925827485851089,1.7393473525574652,8.34313096282748,9.694340358243434,-0.8492755903865169,-0.4400210610151534,0.4218452121270796,0.5566525737963003,-0.11260556462772378
16.759554402251325,-5.522191813585,9.293345099881861,-11.007723495328857,0.1101051494114396,-0.6493436854793765,0.41170853501180416,2.8146258194256757,-2.7530821750503667,1.7440658020991653,0.48885080813586446,0.38681506245739333
8.616617156487685,-1.632858811313728,5.855123253578804,-2.675174941500834,-0.34780471343394126,-0.7525173850853659,0.7790637596314083,-5.442264228837653,5.7012774157455235,-4.101695666225043,-1.0314356064907342,-2.1704682826823865
0.03918704763946646,2.436888770664524,1.2333978925052198,0.4763103973047728,2.179230929103022,-1.137799454717682,0.3737967903069279,0.011318761558992217,-0.3556268762266562,-0.08521269444826947,-0.08938126905294687,-0.1207587380110906
0.10610295128880268,2.7026833277665663,1.3307530700621872,0.499905214959762,2.255757062610897,-1.090890010134123,0.35377544860225885,0.17019482938853822,-0.1720935831201679,-0.14711604074291657,0.042910317675324806,-0.05977384983353541
0.28127754718654624,2.8075353319042247,1.0596371729670815,0.4010225979751381,2.301721471290832,-0.8105210566107417,0.07863012858942012,0.15080308001863604,-0.26760322164333206,-0.2061168553773048,-0.07898694690034715,-0.07783546549843057
-0.027905082301437244,2.1094246636113567,1.1930154200942595,0.44958445467320735,2.2733562213440757,-0.9671141989889508,0.1930630288343531,-0.14392192612856605,-0.3234913066590626,0.17132534417604853,-0.11937116833227747,-0.16627089673551862
-0.041122994680172685,1.575711817300723,1.192050921685295,0.4953298283791802,2.7934820450671007,-0.646287203964551,-0.09859604500454845,0.1804115635580744,0.4326303792162428,0.711276649276388,-0.22899961913163536,-0.08587639815933956
-0.06752639448115287,2.1037860611660406,1.4500874021955263,0.5736692320800095,2.5172088033185958,-1.0679085725665691,0.3285516622168857,0.25612544340294036,0.252836562013584,0.30508698486846414,-0.015358354063166452,-0.04233712978200933
0.04170652646682086,2.2815900944267193,1.2143123457749754,0.5226398642675562,2.2956620560343626,-1.2256957251780933,0.4666260446881507,0.25469631836785095,-0.10902709341998189,-0.026923499352365893,-0.22875525084079584,-0.07038749630295615
-0.3224227553752352,1.8139720462349733,1.526753828861488,0.6311491452657858,2.1040728697233786,-1.671997912142594,0.8698488867595832,-0.005362875380043578,-0.2570887226961349,0.1506451528042512,-0.15037598185561754,-0.13713560831393648
-0.11697522770561192,1.5823068646119853,1.1272562709465683,0.4919330996342564,2.4268223264386757,-1.038854640321507,0.25084332531599585,-0.005348986518370161,-0.08054578702018038,0.42622255962682865,-0.36548704449976166,-0.15800867766316842
-0.0237972525154725,1.873978885875244,1.0319298219275457,0.3725460633204204,2.319428910315701,-0.7133893409297818,-0.0737382820674926,-0.36312805899349493,-0.4376946304448491,0.3444486893990337,-0.1926063007830211,-0.23434651293844344
-0.14715442127480463,1.5939529415614482,1.1584947151028526,0.3932289100166876,2.4378547340805166,-0.6056272924437529,-0.1822457760483139,-0.47866912785334936,-0.285957336640939,0.6353089087618758,-0.09109360591082906,-0.25315853647445113
0.3961983540607499,2.3907152571649184,0.5141417293769065,0.08441529868634286,2.4006523810846687,0.22668800218882193,-0.9878722579234062,-0.7070176058639502,-0.8020901267998068,0.2398168281571028,-0.14840781015446095,-0.3174718005109234
0.2594097675437379,2.3603186628992967,0.9451513818703255,0.35949331595148837,2.5571859635363543,-0.4676643607941196,-0.2642642670569601,0.08075802880526935,-0.04661422444417133,0.18824703945683427,-0.17062954886192086,-0.10552468358877362
0.20602800226851842,2.145139807508282,0.8469894350826596,0.28019707565749097,2.5050680717498395,-0.26265638282572923,-0.49160343119296385,-0.2884815298816871,-0.3111039147787292,0.34123937191961495,-0.1638917105866934,-0.20621938898996017
0.07813072016393284,1.5723098553144386,0.9673022423180011,0.384946568867557,2.8672075398391015,-0.26438063347611385,-0.47814978397032265,0.018846934423121093,0.32776792023656987,0.7873153031263523,-0.272925347816514,-0.13324683191963047
0.05458083002281101,2.134970798541379,0.8159188585879295,0.23906424723990385,1.9954540629789825,-0.6231275418777696,-0.19220127912042467,-0.7958424207290107,-1.1167724157304095,0.07012552485221694,-0.19126812535084314,-0.3547234108247027
-0.2461820272167339,1.5756436917704915,1.354958180997094,0.4532071929145321,2.439258891605894,-0.7253913418768959,-0.05904828398019687,-0.46640914875133127,-0.18514452808289963,0.6907471663186595,0.03840045487345543,-0.23483747226841362
-0.18114982703287474,1.9631169426867174,1.3448493955749972,0.47182086229819403,2.1881396288523147,-1.0501732396531818,0.2602588646237962,-0.3651753963446803,-0.4397638834432239,0.2753317444799121,0.0028077862031695546,-0.21385076442307166
0.06770933468513064,2.6952816209337924,1.558371046281936,0.5310978172576157,2.517484428342623,-0.8138048061023686,0.11072731395195125,0.19947518324672806,0.22884770110333236,0.1484223149150901,0.3232893051361506,-0.014775704115768057
0.18569729525149697,2.711815252061413,1.2121310833633498,0.35091835534030374,2.3990367336222405,-0.4151843134016963,-0.3100683205239388,-0.24738822600602584,-0.27890009696530155,0.1230006606141655,0.2468504331702078,-0.14589501771067456
0.3182659133662431,2.7642156066491355,1.0390021992154446,0.38186142163204917,2.4477634473647845,-0.600617533844792,-0.11772731321887908,0.1725892404871626,-0.10713086115610208,-0.06918243841415879,-0.047497336393926295,-0.06605130479715438
-0.27913666486208827,1.7567625350713818,1.186207155460313,0.4202425314395269,1.8551620440164431,-1.2762050412953894,0.4316971901570231,-0.7239311747121477,-1.028197889619,0.14293519286901082,-0.1793636444318868,-0.33849306569092047
0.0778734263587617,1.595668958903865,0.8687835173352774,0.41928593979529655,2.6435021113531083,-0.6890443471379867,-0.07867319540177273,0.15468672511755585,0.10708408871540417,0.4883209708946321,-0.5185237837886177,-0.12900736909254548
0.14662429889754827,2.9395590864402004,1.1728413322413616,0.37027144294705344,1.9346249335400543,-0.9773961564524388,0.21192562282603455,-0.3286912326312468,-0.851315468999624,-0.36747810679990617,0.11209846926477764,-0.19013656813047203
0.07751600232839741,2.1258729370116485,0.8530872156308675,0.40911242459168606,2.0292859686982423,-1.2592811696540231,0.4518686094935967,-0.05484900917974387,-0.7010784482357045,-0.1897264350260009,-0.5289082778482713,-0.19412170589302663
0.23064785412664474,2.538113661946617,1.0314749373913268,0.3420206382277489,2.4283642814259427,-0.4669573136781279,-0.268293255323655,-0.11640862342968299,-0.2542685234044113,0.10949203717660362,-0.003704439890257832,-0.14033033085800303
-0.22915732064898545,1.8386416482505072,1.601239603356412,0.6578421174434583,2.493729566326996,-1.344702756098001,0.590919714098539,0.3039436696875226,0.3429528089260264,0.397888810234747,-0.04598869715074251,-0.03492506483998366
3.072339173949104,1.269059723332253,1.613313483618068,2.383781130673358,1.2304190719101065,-0.7022500074504354,-0.11185914491443393,-3.1655795150485,-0.8799944173180276,0.36549193302639316,-1.040433562766749,3.215819434957821
0.18739913471978842,2.2310657525789375,1.1288204310408092,0.443055945182285,2.732111562070867,-0.520795254086798,-0.193922324180615,0.28595949422725087,0.33658819965592757,0.3619045103789621,-0.10375747476518006,-0.040235513763245426
0.5314652676856615,3.1565764117435196,0.6514150067184767,0.3189998187159678,2.0671640822489814,-0.9600062867981601,0.21387330227353396,0.30027972497603816,-0.6640864649643021,-0.7191058636888779,-0.4339223156190881,-0.08103405173543621
0.046300508536140934,2.2874448135279577,0.9853973542667532,0.3571356595302448,2.0150910903626795,-0.9749737689006951,0.17642502721962844,-0.3943175718796982,-0.832876055944385,-0.08509655051347971,-0.20394588178385498,-0.24693700058302154
0.3745379184466529,3.0049936861511295,0.9992458626362035,0.3218946899345936,2.33369220958882,-0.49007094733964013,-0.22899592922565928,-0.015844521520348917,-0.35875756846025525,-0.1938764963007809,0.05586083652741789,-0.10531398987783833
0.25657653579590256,2.018835805227779,0.7144248677003066,0.27475991634143704,2.5819014432269016,-0.24989736336537985,-0.5051972519379881,-0.14821306790619718,-0.21248692335270938,0.36431494703031864,-0.34162597333740086,-0.18858706240305484
-0.4079575635918052,-1.1997975521310937,0.43409084519902863,0.31212436959808854,3.4897209275663714,0.2608523643011231,-1.1079300164188717,-0.4782869280848444,0.7226437897730921,2.4094347686945077,-1.1712411143947428,-0.3767287033539578
0.060734016080898685,1.6183533377401038,0.9656452208653084,0.3900840740830185,2.7525167855786834,-0.3998276264613002,-0.3531190924353627,-0.01464323597571741,0.184440577400343,0.6774658827610792,-0.2975214727471429,-0.146827379281256
1.748979282655885,2.8499307726531407,-3.270743918636003,-1.186706846210721,-1.310633118222293,-1.3312851031389716,0.9570438210518455,0.33627401493092485,0.4777963667633496,0.2827928373957917,0.021318768915709243,-0.11373501467090061
1.396493377441573,1.7856365519665804,-3.198999569595657,-1.228231808720963,-1.1178557169740753,-0.9464034128066928,0.5305280997024024,-0.3022044939427434,0.49095505872033807,1.1206237695505417,0.0814308081133884,-0.28125784649208685
1.8080122037120026,2.4794729952948154,-3.753803939891357,-1.4579472907300954,-1.367328674906843,-0.5939769739694529,0.17721479397500517,-0.48360790153214583,-0.17896731375061092,0.5684462842458784,-0.083523089635372,-0.34968473456179217
1.2919615350500941,1.3950586055301477,-3.147770898954615,-1.3107517018840935,-0.8761399274448548,-0.34469781580115716,-0.06785486507923046,-0.7531478773432764,0.584423473991608,1.6831423991510728,0.3192838991083753,-0.3729657345159027
1.6734121831861122,2.6798174063326083,-3.3610640974401758,-1.37530594377294,-1.396827883393712,-0.7088912428355219,0.3086425996348337,-0.5403164752872146,-0.07051141743178181,0.5987235686813099,0.292946114735242,-0.3204296637848028
1.7686443584087645,2.133324702236978,-3.6588819819031313,-1.4982027552594013,-0.9146162867188229,0.07435489161364757,-0.45903170145473643,-0.6311662398383141,0.3047946942768026,1.198897655784973,0.15606394329913872,-0.35568272616552815
1.9232969439554206,3.1374437815270397,-3.6312385464862524,-1.3782897270406325,-1.5651637497933846,-1.0253448922910104,0.6289982345478411,-0.11340159626898731,-0.2050428677560534,0.03202438727606766,-0.027474675867257412,-0.2431896412900587
1.8085237440079704,2.9424434586763524,-3.418053397007795,-1.2821576042398242,-1.413134525257256,-1.135316627774129,0.7503114020005492,0.0643602294273082,0.15937064066576745,0.22679793501645504,0.03738886486224532,-0.18627954244691347
1.6922902550965122,2.648150378541911,-3.264499499589974,-1.067098119913892,-1.34130965946862,-1.8496199762912562,1.4625748116443926,0.7542387723671419,0.6679461277699307,0.1554674027960272,-0.2820324181226776,-0.03826242070150619
1.8622800718922894,2.3494565224314186,-3.810863806837303,-1.3590841603027588,-1.2129489177122466,-0.881532230358676,0.4762774627473705,0.08426125102614697,0.2466783255128101,0.5095972807147184,-0.3867814961977693,-0.23029388071950585
1.7378441683374601,2.75640255044711,-3.474903124256504,-1.2876234623968583,-1.532272793168452,-1.2714901062090993,0.8604993681623754,-0.057182204130063176,-0.03891387334776032,0.2162952238339446,-0.07519864767601206,-0.2351977677053596
1.2607087621704614,2.401642228356389,-2.76702420773766,-1.1509475451060531,-1.5430042965655009,-1.4009265218534885,0.9812312145102134,-0.5172686063427845,0.08457392628526571,0.710756278170473,0.5278386249435566,-0.2908891167770461
1.1491649176638647,1.6444783510623622,-2.6711737135770512,-0.9920501901856985,-1.0016306539410222,-1.4637471059055627,1.066342037803263,0.1061357501756945,1.0724120291167054,1.2525970422680548,0.25910930304698154,-0.1494388983315395
1.3900454344531104,2.2091162111098925,-3.2092788499334444,-1.3369505727323743,-1.5556272871506638,-0.9377407959564439,0.49395437064151754,-0.8905113583517084,-0.3023849382088666,0.8019000583688434,0.31657478466920264,-0.41728104707284713
1.3035809908749498,1.7496366558794558,-2.99851965802747,-1.078012461526882,-1.1315202784312672,-1.4468552233688832,1.0337780113165174,0.09433652614672634,0.7664045530108348,1.0114052996048875,0.00307618373159754,-0.184095979666335
4.523291943703925,2.264766107322373,-1.95563302906729,0.9345220616863158,-2.257934603272851,-1.1648031233297793,0.7948432331168541,-2.7997375810195875,0.36571575903225273,0.762796241122148,-0.0452068399614132,3.3402823528280536
1.5011076159030194,2.0820008313866585,-3.215293101548554,-1.1054527872845406,-1.2202073520823327,-1.5531241999328527,1.1458666140524447,0.3398703603939292,0.6634811400568138,0.6521193692543297,-0.19445524317057436,-0.14069064757240365
1.2422421883893362,1.9728052388954391,-2.7965479749395707,-0.9598416658654374,-1.3070708194889975,-1.971906851951746,1.5577521217298593,0.35100532398378087,0.7806471441815129,0.7175304785963448,0.015949639170394905,-0.11525287121893146
1.507272810352215,2.285670262517753,-3.0795394861716616,-1.22792853877688,-1.1049883288173599,-0.8493366680036804,0.466866329794667,-0.21285294814199066,0.5641736133785741,0.9510361959798865,0.324309992067913,-0.22586362928926812
1.440963513757897,2.1487900465102614,-3.0588436289491825,-1.1370416640284646,-1.194495556812403,-1.2988577043112421,0.9002221780440249,0.04566049337310104,0.6152611016793228,0.8153409683800512,0.10817691664769889,-0.1837785935777388
6.680644157352361,-2.1824902501837236,-1.126255464880195,7.290951075700614,-0.5975129467299238,1.1496066781326715,-0.8655226437747563,0.7099506109026728,0.018203213085419525,0.8542045167261801,-0.32423198599091596,-0.6893916948593992
6.301628144196261,-1.2422411026908782,-0.08259125419682097,7.51056686627032,-1.2012810403167833,0.3284998143338357,-0.036828484387727484,0.3810424125207393,-0.3744334646291055,0.37402292175391855,0.658660942018443,-0.6683366718106984
6.3593598640012035,-1.3723602738536689,-0.17558657433723548,7.527781219813188,-1.0426839546013822,0.35532607728925053,-0.05412086760237725,0.6285161045446352,-0.11735948669618176,0.44119332407310863,0.4950495891484359,-0.618828717778195
6.649959932826052,-1.0288197975364826,-0.7784030283166037,7.402548547367422,-1.451656816072915,0.08535988017794507,0.17711927881642084,0.7071535954566845,-0.8252974767517939,-0.25546377133420056,-0.05566571893702575,-0.6669296543018157
6.458829284858216,-1.0367093489354533,-0.3238692828283197,7.501766372772165,-1.335797515455855,0.08250891523963874,0.20210504773737617,0.6513826929149749,-0.5155405070624751,0.00012803401320498012,0.35777996025016057,-0.6317984798868836
0.20897593007007925,-0.30039280034596194,-0.6130402678901475,-0.1352208339334419,0.7798218869868607,0.4964102672169217,-0.47926490771935487,0.7665041156084155,0.7853262474517977,-0.2328577503917586,0.058932986275231365,0.260318500978207
0.386753067123533,0.5058911942647377,-0.7502009645761649,-0.24171368747967908,0.29128457642813244,0.37333852037588666,-0.3688030023619335,0.4927448747338428,0.0012438405634461983,-0.8976290130969247,0.1654347614480856,0.19523904804848938
0.5339408370744695,-0.13593341132945863,-1.400487847537737,-0.6023675217925578,0.5929365740636677,1.721714456343785,-1.7391536778108758,-0.3927388839801175,-0.3611631786594126,-0.19991380677977677,0.04971936277021167,-0.05504488405662315
0.7701716922934037,0.7295483497015695,-1.4615894862895678,-0.480037703822811,0.20599185658368346,0.8164036440184376,-0.8246123211660853,0.36960819663454997,-0.5004802845008345,-1.1964187169245895,-0.24265719509561975,0.11430828504811147
0.12224017210428478,0.11737361868184054,-0.4036497234673651,-0.18486436980170692,0.43199661420378643,0.49218166851286244,-0.48817127632259233,0.22442350514769782,0.2138103591744815,-0.42582254455016455,0.4731078302609376,0.1591160348422324
0.5833319493487388,-0.950869792027514,-1.735966757012632,-0.6698259305427249,1.121177099998153,2.295691458405321,-2.3076586139975523,-0.27693959084719105,0.16796838231243844,0.4430813536897835,-0.3013659341307367,-0.06037341544583062
0.45400233534698486,0.010626793239008258,-1.1612857129804437,-0.39447123031826764,0.44619634848402046,0.881547935403601,-0.8986752222399897,0.20671667000720145,-0.12540212012145288,-0.5707477958826868,-0.10068969446394199,0.087085237104332
0.7486398676159544,0.3283626488464287,-1.6980547899818426,-0.5437384845415182,0.21184727361657574,0.9247902125080295,-0.9615373996524381,0.2022365605449249,-0.6543670351993488,-1.0436643541654553,-0.4822069063611953,0.03917589144301576
0.3365829231339413,0.14117999193238584,-0.8479400047152211,-0.2624984535121885,0.3773645429820581,0.4749093508005337,-0.4843237447623671,0.41490379281347567,0.03869453581631022,-0.6826083086615428,0.03576071872070958,0.15858997351796544
0.5968128852571769,0.3376395321895234,-1.3835008403439546,-0.7382886267559085,0.3921456624757833,2.095843984032905,-2.1109568221525374,-0.9500352438713838,-0.8774406413822233,-0.320946193295864,0.42920643574318534,-0.1615666988645583
0.0966309224851799,-0.7008399672098232,-0.8494216377516451,-0.2688401236697272,0.5363865034552447,0.6411749301193708,-0.6830334608515929,0.10879196342763896,0.12589947146706368,-0.1111171365987998,-0.057108213077952615,0.0633591670500987
0.42956120815275556,0.005658089250694308,-1.0215188798987676,-0.400892421081188,0.6220870351454396,1.1710652445396494,-1.166158996002533,0.11943841906786247,0.08570151558404773,-0.33171575682723264,0.13277864840740522,0.09378970097958257
0.2909692980884652,-0.3341733965461178,-0.9366282294401848,-0.4408257323780455,0.7258701247734052,1.483828383431169,-1.4870136355756944,-0.25489864970454684,0.08085309626748449,0.06185032357160934,0.30538511018189196,0.013024762842977563
0.48205998455876625,-0.7691163508934351,-1.5344212085425042,-0.5843531127095858,0.8831690829789999,1.840494515702126,-1.864038834370544,-0.2305052531675962,0.016045064546979116,0.1919501005409753,-0.22952880489040037,-0.04253929489668877
0.5669919620541516,-0.1795390646144785,-1.5647572487162797,-0.45107161525905326,0.3570324418553112,0.7654014373810395,-0.8117251157108558,0.31668805387974486,-0.34048957158014337,-0.7399803454782615,-0.5686514325044523,0.059530757556539686
0.3956253088243698,0.3852740573143227,-0.822583956427198,-0.4940255935704245,0.5007366021317569,1.5626519378284416,-1.548123821424712,-0.46528223117474937,-0.2664862380115859,-0.2854073423174406,0.6617369282592191,-0.0018560448048547478
-0.45645742117192595,-1.012350375419464,-0.23638518431502534,0.016034625510251165,-0.0390514679952291,-0.7144539673198834,0.6031294471268737,0.06559365742168434,-0.19840493664685738,-0.35500286535574593,-0.006598773419838052,0.04605940086246652
0.32058567302886665,0.28524927817925005,-0.6819897256661159,-0.2822928092287152,0.4695061750685714,0.7549349344459211,-0.7429610706384552,0.2441754054337933,0.11994461867859152,-0.533024432600685,0.3463256134767112,0.15122987682006933
0.33827273287410836,-0.4549969975600846,-1.1933187708705901,-0.2636238015188014,0.4425241193772581,0.31482998407949175,-0.35783228505805253,0.6210315096200089,0.09501193706629116,-0.5883358801026198,-0.5192474575646551,0.1471229595042976
0.6882244724202139,0.6675384363058933,-1.266933104132348,-0.5171504921751516,0.37538573877218895,1.2579233463612565,-1.2481748373572457,0.04224069528090107,-0.38320103789361654,-0.8298578380450037,0.12748038409557855,0.07189594311660202
0.5486019665599617,-0.050425947436069825,-1.4607964349934506,-0.5993655589064172,0.43717285011723417,1.517886411067198,-1.5490592603743039,-0.37122074422763335,-0.5521222018471529,-0.40034079908996795,-0.05092544662790167,-0.0631664601281133
0.6260534104561697,-0.3572612202103483,-1.7777150538353015,-0.6006153732816233,0.47655836093896187,1.356458719288949,-1.406358716954227,-0.08591803456429925,-0.4945443341733439,-0.45735533000663764,-0.5257892882994373,-0.0427947277647565
0.48740201925962495,0.5986696060623077,-1.0725962772998667,-0.3681923313966736,0.03613442837258716,0.43328515173351084,-0.46054928132419864,0.1980128551426034,-0.57329602948803,-1.1335528256952994,-0.011312981186854195,0.09146655914838964
0.687853023846973,0.14055560415228668,-1.5422468366801885,-0.6041177376072754,0.5385440444688209,1.5910209416874466,-1.6002972318357158,-0.12897440468206015,-0.37900922484886507,-0.4948479974434388,-0.1071772764293823,-0.001722566045977128
0.48668508436523034,0.23656391624781806,-1.1067735705486659,-0.4739797691515729,0.4508248793148735,1.2491955269467299,-1.2532242306721828,-0.1146656277161895,-0.2697914741629511,-0.4996454775824908,0.19349350025893414,0.03623095899980122
0.47407185490865783,-0.024380181518625,-1.2580418390927228,-0.5621323966384038,0.4956673217204063,1.5526517882349309,-1.5715465718791815,-0.40939683561451007,-0.4155195605537282,-0.28497252326374367,0.1553206092566877,-0.04824853201071953
0.20682093355398457,0.09367246580408456,-0.44583201761908947,-0.0820251130944785,0.5900031606110904,0.20358556308869405,-0.1809294191070811,0.8430758019423251,0.666559634668208,-0.5357849089411295,0.1981038615151743,0.2961283183249153
0.6674341910354529,0.023289134225942563,-1.4650230203646326,-0.585277634618283,0.7257595942055969,1.747192394241993,-1.7402369773097632,-0.0660901990994204,-0.10282873430266086,-0.284030363936179,-0.033747655485966206,0.026301816352904912
0.25161107615993616,-0.4104754743141973,-0.955627825326104,-0.3381798909217596,0.5788264070813071,0.9052364200871458,-0.9279279968920571,0.09548063178665138,0.0918737260520581,-0.19729977255153747,0.007966742769228933,0.06971630988662858
0.3687040647634154,-0.797967751646265,-1.2661509476993298,-0.4069894780149483,0.8953442177628755,1.298002479457244,-1.3136655538202204,0.22341006162872598,0.37821582362931805,0.0988822968660842,-0.27213359377816765,0.07471501548850981
0.09467422086256272,0.9550641895901426,0.1441683263714218,-0.2756454823099022,0.4314352544743483,1.2237103461569274,-1.1631858569918359,-0.4993800057537951,0.04935513414728549,-0.27826042702294906,1.5662336606583933,0.0964488124573988
0.6723001537507958,0.10284221279614186,-1.5744637559384753,-0.5363990240795252,0.4268239094454169,1.1824992820276308,-1.2058855640794204,0.12294788636251307,-0.3875393651096538,-0.6978072521738429,-0.3308057495269859,0.03789145574650197
0.4074044680255872,-0.5820007531455333,-1.3711478920258415,-0.3872202052959112,0.5822409516614637,0.8434231691947127,-0.8834713401550817,0.32845739085295084,0.028572438575518225,-0.3406412843132121,-0.47700294204853105,0.0749705567691529
0.5633619897331977,0.018175981193426536,-1.4781357814575158,-0.5276707190987752,0.3290795043065377,1.108323902372437,-1.1464684041748625,-0.06851530894672575,-0.5335487058776358,-0.6544134146801771,-0.24629948190887138,-0.005931008695237613
0.3951943538214446,-0.15216074177764294,-1.1104779319744633,-0.4092677142318056,0.5355302356138703,1.059616892656411,-1.075776749808893,0.06171705061357071,-0.06391321817348558,-0.3566830805076315,-0.00797762000355728,0.059478963868382966
0.191736389567023,0.22913645300863397,-0.4333561410818029,-0.20893558577706994,0.498325847043562,0.6400538790394437,-0.6226455884261248,0.25179862952340815,0.27520403070679317,-0.42276591221422427,0.5151492392291558,0.17314469116193032
0.44582404688134636,0.11726092817996481,-1.0823156963987086,-0.35026575448441644,0.40888742547875934,0.7160531497237977,-0.7288533658958185,0.32892875406188954,-0.07724791641240618,-0.6722919730615398,-0.08326012701364639,0.12197382922795531
0.5189191442253245,0.3376974476666656,-1.2223978416976946,-0.4729841865043176,0.23910048387992988,0.9632197743430391,-0.9874054015933269,-0.06329269770685436,-0.5330920171885463,-0.7848577418570797,0.015143128342508368,0.026217200836809486
0.3464046931171365,0.4837244064676723,-0.7970604453753001,-0.43505810826421004,0.23445569273368105,1.0747644284645046,-1.0833830886354558,-0.3717945318065456,-0.5013154923169972,-0.5999666209996434,0.5351750546087655,0.0045590791466892855
0.5643152529253354,0.3177337939235611,-1.0994398540001733,-0.4198272117194416,0.5893972864741234,1.1729842134521307,-1.1546972851453399,0.2554317374598099,0.05572542059067603,-0.549375304186718,0.11228527215518137,0.12919621337036583
0.40332191289630476,-0.0007799327215187958,-1.0877585911967491,-0.5145944452201355,0.5050801514416735,1.4759619259565258,-1.4886596186467562,-0.3948507366812784,-0.3206276758037534,-0.24485804254469895,0.2851663253573823,-0.02889955020393626
-0.5820272821001126,-0.9285123518274979,0.0318862874837626,0.04134988026062589,-0.08843267153143954,-0.6962897546042204,0.5889387777796612,-0.1589972851646136,-0.241969526479921,-0.2664170666100975,0.3097975424306647,0.022129822616734886
0.5094833042813777,0.26254407870842744,-1.2635197439301877,-0.5353128462359293,0.2626880011632191,1.2133698624102582,-1.2414294443639868,-0.31092530748646346,-0.6419019493636109,-0.6455354073659885,0.09443560355501301,-0.031208864643246022
0.06995496779870243,-0.7166540907620044,-0.823729648797605,-0.20877508847952012,0.47094194553910873,0.34691669342536824,-0.3955117093457591,0.29447803883796786,0.15982998646641391,-0.23594258368517695,-0.17285383441730104,0.0986369537692158
0.44311440923846157,-0.3655424300160847,-1.2606395025365107,-0.3746104616845304,0.6426491368007513,0.9262973619716005,-0.9443530264242319,0.38665486375463304,0.1558711295906739,-0.35520272153157717,-0.3113059919225902,0.1122004167574751
0.5029270496053068,0.7897323074608206,-0.9163351049934106,-0.2850480470348683,0.09109503842497779,0.2515092283947929,-0.25659694591148735,0.5010807135452905,-0.30895043974736786,-1.232584059668253,0.049799156695193365,0.18217544413889883
-0.16212674228294024,-0.07771985825083544,-0.26820229696276104,-0.18547289028658479,-0.04003395662571596,0.1050595264337105,-0.16543309659539726,-0.3723082104202519,-0.5026478498257372,-0.5150987031869695,0.5587494762487845,-0.0006601967299507765
0.39301275409230413,-0.09468550483969324,-0.9450170929251988,-0.2293889862934382,0.6317923203002228,0.5278021778019877,-0.5226389131173023,0.7574671158580514,0.45108180479548426,-0.5289020307914292,-0.17180779600876403,0.22960846012127986
0.3573509771763944,-0.07003441923595435,-0.9108668840634305,-0.2344271081377959,0.5512955061192147,0.49004376922723664,-0.49232180057897335,0.6461012352446319,0.32475537901636536,-0.5577053560690022,-0.12166045920632579,0.20424570568862785
0.17507873040434768,-0.2942192662894083,-0.7778628156108562,-0.26049568911679377,0.4583152090972087,0.5826782868494615,-0.607823257286851,0.1889191651792204,0.08252785240613603,-0.34146161787192036,0.07291748496583367,0.10103615918136857
0.14987259603767256,-0.4216487430467387,-0.8116965012997011,-0.2783663244338774,0.47115193989554094,0.6444090106294672,-0.6766685102626642,0.10127849111810201,0.04785939434049174,-0.25747096043372186,0.04989965467416375,0.07426718949898561
0.34076228907771433,0.031613671144624794,-0.7343772460496818,-0.4179990317871243,0.8197171562216283,1.6192352753938644,-1.5859399851194929,-0.17529671837599112,0.28528090060842304,0.04143203655907283,0.601982742357758,0.0726873574403206
